{
  "t": 1773847607.64208,
  "origin": "init_exploit",
  "uid": "ba4bf43bdc7c",
  "name": "CandidateCycleInsertionHeuristicImproved3",
  "fitness": 18.275538900761617,
  "std": 3.1128508785173765,
  "valid": true,
  "error": null,
  "family_sig": "cheapest+randomized+insertion",
  "metrics": {
    "score": 18.275538900761617,
    "raw_gap_mean": 18.275538900761617,
    "final_gap_mean": 8.69891932433101,
    "eval_gain_mean": 9.576619576430609,
    "runtime_construct_s_mean": 1.5323694547017415,
    "runtime_eval_s_mean": 4.675339221954346,
    "runtime_total_s_mean": 6.207708676656087,
    "invalid_runs": 3,
    "eval_split": "train",
    "constructor_timeout_s": 25.0,
    "evaluator_cleanup_timeout_s": 7.5,
    "by_family": {
      "random": {
        "score": 14.241052690698794,
        "raw_gap": 14.241052690698794,
        "final_gap": 7.83926826643618
      },
      "tsplib": {
        "score": 20.29278200579303,
        "raw_gap": 20.29278200579303,
        "final_gap": 9.128744853278423
      }
    },
    "by_size": {
      "large": {
        "score": 18.275538900761617,
        "raw_gap": 18.275538900761617,
        "final_gap": 8.69891932433101
      }
    },
    "rows": [
      {
        "name": "dsj1000",
        "family": "random",
        "size_group": "large",
        "split": "train",
        "n": 1000,
        "score": 14.241052690698794,
        "raw_gap": 14.241052690698794,
        "final_gap": 7.83926826643618,
        "eval_gain": 6.401784424262614,
        "runtime_construct_s": 1.246204137802124,
        "runtime_eval_s": 6.314627170562744,
        "runtime_total_s": 7.560831308364868,
        "invalid_runs": 1
      },
      {
        "name": "pr1002",
        "family": "tsplib",
        "size_group": "large",
        "split": "train",
        "n": 1002,
        "score": 21.818216912119514,
        "raw_gap": 21.818216912119514,
        "final_gap": 9.564747437703874,
        "eval_gain": 12.25346947441564,
        "runtime_construct_s": 1.2908504009246826,
        "runtime_eval_s": 5.403727769851685,
        "runtime_total_s": 6.694578170776367,
        "invalid_runs": 1
      },
      {
        "name": "d1291",
        "family": "tsplib",
        "size_group": "large",
        "split": "train",
        "n": 1291,
        "score": 18.767347099466548,
        "raw_gap": 18.767347099466548,
        "final_gap": 8.692742268852975,
        "eval_gain": 10.074604830613573,
        "runtime_construct_s": 2.060053825378418,
        "runtime_eval_s": 2.3076627254486084,
        "runtime_total_s": 4.367716550827026,
        "invalid_runs": 1
      }
    ]
  },
  "eval_brief": "score(raw)=18.276 final=8.699 gain=9.577 std=3.113 split=train",
  "thought": "This heuristic improves upon the elite parent by choosing the next node from the candidate frontier of the last node in the tour, and then inserting it into the best cycle edge.",
  "raw_gap_mean": 18.275538900761617,
  "final_gap_mean": 8.69891932433101,
  "eval_gain_mean": 9.576619576430609,
  "parent": null,
  "selection_score": 18.275538900761617,
  "strict_accept": true,
  "soft_accept": true,
  "stage": "stage2_exploit"
}